{"cameraMode":{"drawMode":0,"name":"Shaded","section":"Shading Mode"},"sceneLighting":false,"audioPlay":false,"sceneViewState":{"m_AlwaysRefresh":false,"showFog":true,"showSkybox":false,"showFlares":true,"showImageEffects":true,"showParticleSystems":true,"showVisualEffectGraphs":true,"m_FxEnabled":true},"in2DMode":false,"pivot":{"x":0.05570964515209198,"y":0.9716899394989014,"z":-0.919222354888916},"rotation":{"x":0.04815959557890892,"y":-0.680525004863739,"z":0.044910527765750888,"w":0.7297613024711609},"size":3.7790231704711916,"orthographic":true}